ID,FirstName,LastName
1001,贝克,阿尔瓦
1002,享特,阿芙拉
1003,卡特,阿加莎
1004,史密斯,阿蜜莉
1005,米勒,娜丝塔
1006,特纳,阿西娜
1007,伦敦,埃达
1008,霍尔,埃尔韦
1009,肯特,埃拉
1010,米尔,埃玛
1011,布鲁克,埃米莉
1012,邱吉尔,艾比盖
1013,希尔,艾德文
1014,雷克,艾尔玛
1015,菲尔德,艾丽卡
1016,格林,艾丽斯
1017,伍德,艾琳
1018,韦尔,艾琳
1019,布朗,艾琳
1020,怀特,艾琳娜
1021,朗曼,艾琳诺
1022,肖特,艾伦
1023,夏普,艾咪
1024,哈代,艾娜
1025,扬,艾谱莉
1026,斯特林,艾丝翠
1027,巴克,艾丝特
1028,汉德,艾娃
1029,芬格,艾薇
1030,布雷恩,艾西
1031,伯德本,爱得拉
1032,乔,爱莱德
1033,肯,爱尔柏
1034,李,爱尔莎
1035,布尔,葛妮丝
1036,福克斯,勒贝拉
1037,范,爱莉丝
1038,安,爱玛
1039,霍克,安德烈
1040,布什,安东妮
1041,斯托克,安贝尔
1042,克顿,安娜
1043,里德,安妮
1044,乔治,奥德丽
1045,亨利,蒂莉亚
1046,大卫,蒂列特
1047,克林顿,奥瑟雅
1048,唐,奥菲莉
1049,简,奥克塔
1050,麦克,奥劳拉
1051,圣里格,奥丽芙
1052,琼,奥丽薇
1053,凯,芭芭拉
1054,梅,百丽儿
1055,苏,柏妮丝
1056,伊万诺,柏莎
1057,华盛顿,贝蒂
1058,布莱克,贝芙丽
1059,盖茨,贝拉
1060,莎士,贝琳达
1061,爱坦,贝齐
1062,狄更斯,贝丝
1063,歌德,蓓姬
1064,巴尔扎,比尤莱
1065,沃什,碧翠丝
1066,凯恩,波比
1067,毕加索,布莱兹
1068,曼德拉,布兰琪
1069,谢尔顿,布里奇
1070,居里,布鲁克
1071,库克,布伦达
1072,痛苦,亚恒
1073,可怕,艾尔
1074,淡漠,亚尔曼
1075,狂暴,奥格
1076,无言,柏得温
1077,露水,巴顿
1078,朦胧,格吉尔
1079,柔,布莱克
1080,辛,布兰登
1081,黛妮,布尼尔
1082,春华,西泽
1083,幸,契布曼
1084,安,克伦斯
1085,白雪,考伯特
1086,冰,西里尔
1087,月亮,戴纳
1088,月之子,得文
1089,天使,迪伦
1090,樱,额尔
1091,洁,易莱哲
1092,羽翼,艾利克
1093,雪兰,富宾恩
1094,玫瑰,弗雷克
1095,哀,加布尔
1096,辛,贾艾斯
1097,夜雨,古斯塔
1098,美神,霍尔
1099,天后,赫伯特
1100,花仙子,汉弗莱
1101,聪慧,伊恩
1102,青绿,杰克
1103,贵宾,琼纳斯
1104,翠玉,基思
1105,娜娜,蓝伯特
1106,光明,里斯特
1107,天,麦基
1108,安,马休
1109,蓝天,米契尔
1110,微小,摩菲
1111,银月,纳特
1112,沙,诺曼
1113,尘,欧格登
1114,炽天使,欧恩
1115,狼王,裴吉
1116,杀手,普雷斯
1117,武圣,昆特
1118,宇宙,雷契尔
1119,战神,罗伯特
1120,圣女,鲁伯特
1121,米迦列,山姆
1122,夜妖,席尔维
1123,妖姬,史都华
1124,爱神,塔伯
1125,太阳神,拜厄斯
1126,月神,尤里西
1127,凤凰,范伦
1128,龙,瓦尔克
1129,大地,威廉
1130,天空,泽维尔
1131,海,耶鲁
1132,冰,扎克利
1133,雪,艾伦
1134,风,阿尔文
1135,神奇,安东尼
1136,阿里,阿姆斯
1137,金,奥古斯
1138,银,班克
1139,风暴,巴特莱
1140,武,格纳
1141,凯尔,布莱兹
1142,纠结,布莱恩
1143,埃文,波顿
1144,方士,卡尔文
1145,熊猫,查尔斯
1146,章鱼,克拉克
1147,史密斯,考尔比
1148,约翰逊,丹尼尔
1149,威廉,狄克
1150,约翰,艾德
1151,布朗,埃利奥
1152,戴维斯,内斯特
1153,米勒,费利克
1154,威尔逊,加尔
1155,摩尔,葛兰
1156,泰勒,哈利
1157,安德森,赫尔曼
1158,托马斯,汉特
1159,杰克逊,兰姆
1160,怀特,雅各布
1161,哈里斯,强纳生
1162,马丁,凯利
1163,汤姆逊,蓝斯
1164,加西亚,利瓦伊
1165,克拉克,麦尔肯
1166,路易斯,摩里斯
1167,李,密克
1168,沃克,莫雷
1169,艾伦,奈登
1170,亚当,诺顿
1171,斯科特,奥利弗
1172,格林,帕克
1173,罗伯特,普利莫
1174,陈,昆尼尔
1175,皇,雷尔夫
1176,菲利普,罗宾
1177,帕克,莱安
1178,爱德华,辛普森
1179,詹姆斯,赛门
1180,西蒙,泰勒
1181,亚历克,托比
1182,图,阿普顿
1183,伊利丹,范伦丁
1184,奥丁,瓦尔特
1185,提奥,威利
1186,泰兰德,耶呼迪
1187,加洛德,纪伯伦
1188,玛维,艾伯特
1189,影歌,亚尔维
1190,怒风,安托万
1191,血蹄,阿诺
1192,米尔,艾富里
1193,希尔,巴德
1194,洛丹伦,巴泽尔
1195,霜狼,伯尼
1196,古伊尔,鲍伯
1197,麦,布拉得
1198,格罗姆,拜伦
1199,基尔,凯里
1200,古尔丹,夏佐
1201,沃,克劳德
1202,风行,科林
1203,耐奥祖,达尔西
1204,龙,多米尼
1205,中华,伊登
1206,华夏,埃利斯
1207,菊,尤金
1208,梅,费迪南
1209,兰,盖理
1210,竹,哥达
1211,加索尔,汉米敦
1212,凯撒,希拉里
1213,西门,海曼
1214,欧阳,艾勒
1215,乔,贾里德
1216,慕容,约瑟夫
1217,昊,肯恩
1218,姬,劳瑞
1219,南宫,刘易斯
1220,宙斯,曼德尔
1221,赫拉,马克斯
1222,波塞冬,迈克
1223,哈迪斯,麦伦
1224,雅典娜,宝尼尔
1225,萨里奥,奥玛
1226,伊瑟拉,培迪
1227,玛里斯,昆西
1228,兹多姆,伦道夫
1229,乌瑞恩,洛克
1230,鹿盔,撒姆尔
1231,维纶,所罗门
1232,塞隆,泰德
1233,雷勒,托德
1234,奥里威,尤莱亚
1235,领先者,佛能
1236,甲,华德
1237,乙,威弗列
1238,丙,约克
1239,丁,日杰夫
1240,相信者,德里奇
1241,开心,亚摩斯
1242,卡卡,安东尼
1243,邮箱,阿诺德
1244,爱尚,巴洛
1245,加速,比其尔
1246,玛丽奥,伯特
1247,跳跳,布兹
1248,亚伦,布鲁克
1249,布朗,卡尔
1250,迦勒,切斯特
1251,艾伯特,克雷特
1252,安格斯,康拉德
1253,安东尼,达内尔
1254,亚瑟,唐纳修
1255,奥斯汀,埃德加
1256,塞西,爱尔玛
1257,卡洛斯,尔文
1258,卡尔,费奇
1259,克里,盖文
1260,科尔,高德里
1261,科林,哈帝
1262,加百利,海勒
1263,乔治,艾萨克
1264,汉克,杰森
1265,大卫,乔休尔
1266,丹尼,肯尼迪
1267,迪伦,劳伦斯
1268,比利,内尔
1269,比尔,马卡斯
1270,布兰特,马克西
1271,哈利,麦尔斯
1272,米奇,尼尔
1273,肯尼斯,奥利尔
1274,雨果,帕特里
1275,伊恩,昆顿
1276,伊凡,雷蒙德
1277,兰斯,罗德
1278,欧文,山迪
1279,菲比,史宾杜
1280,保罗,泰伦斯
1281,欧文,汤姆
1282,奥利弗,维克
1283,贝蒂,华纳
1284,邦妮,温士顿
1285,爱丽丝,依夫
1286,艾米,亚瑟
1287,艾丽莎,安得烈
1288,伊娃,阿奇尔
1289,卡罗琳,阿瑟
1290,布兰妮,巴奈特
1291,达茜,贝克
1292,夏洛特,伯顿
1293,黛安娜,鲍里斯
1294,格瑞丝,布鲁斯
1295,艾玛,凯尔
1296,汉娜,克莱斯
1297,海伦,克利
1298,丽莎,科里
1299,乔伊,达伦
1300,凯琳,唐纳德
1301,莱斯利,埃德蒙
1302,杰,罗伊
1303,杰西卡,伊夫力
1304,乔丹,费兹
1305,科比,吉恩
1306,伯伦,戈登
1307,拉塞尔,哈伦
1308,阿卜社,霍伯特
1309,奥斯卡,伊西多
1310,奥尼尔,杰夫
1311,伯德,乔伊斯
1312,拉里,肯尼思
1313,蒂姆,列夫
1314,邓肯,路易斯
1315,马龙,马里奥
1316,贝勒,马克斯
1317,沃顿,米路
1318,韦德,尼尔森
1319,基德,奥斯本
1320,柯南,保罗
1321,基拉,雷哲
1322,沃西,罗克
1323,雷,撒克逊
1324,皮,史丹
1325,特,希尔
1326,皮克斯,汤尼
1327,克里斯,维克多
1328,内特,韦恩
1329,艾尔,伍德洛
1330,大卫,弗列得
1331,马克,安德鲁
1332,爆缸,奇柏德
1333,索罗,艾文
1334,路飞,巴伦
1335,阿斯兰,班尼
1336,蝎,莱姆
1337,撒加,波文
1338,鲁鲁修,布鲁诺
1339,索隆,卡特
1340,卡卡,克里斯
1341,英二,柯利福
1342,夏娜,康那士
1343,米罗,迪夫
1344,夏尔,道格
1345,小新,爱迪生
1346,佐助,埃尔顿
1347,奇犽,福特
1348,琴酒,杰佛理
1349,星宿,格雷格
1350,西索,哈罗德
1351,真治,霍根
1352,吹雪,艾凡
1353,麦兜,杰弗里
1354,加隆,朱利安
1355,小智,肯特
1356,飞鸟,伦恩
1357,妮娅,陆斯恩
1358,妮露,马克
1359,史努比,马勒第
1360,芭比,曼罗
1361,小狼,纽曼
1362,叶,奥斯卡
1363,天天,派恩
1364,峰,里根
1365,吹雪,罗德尼
1366,乔巴,史考特
1367,右京,史丹佛
1368,子龙,西奥多
1369,露娜,特瑞西
1370,托雷,文森
1371,拉比,韦伯
1372,泰罗,渥华斯
1373,绝,阿尔杰
1374,吉安娜,安迪
1375,瓦里安,亚力士
1376,洛瑟玛,亚撒
1377,锡得尼,巴里特
1378,帝摩斯,班杰明
1379,泰伦,毕维斯
1380,维德,柏宜斯
1381,韦尔伯,巴克
1382,亨利,凯希
1383,约翰,克里斯
1384,马特,利福德
1385,摩西,康奈尔
1386,波特,戴维
1387,钱宁,杜鲁
1388,戴里克,爱德华
1389,德维特,维斯
1390,海拾兹,西斯
1391,吉姆,杰夫
1392,凯尔,格雷
1393,勒斯,哈丽
1394,马文,哈瑞斯
1395,摩顿,艾尔
1396,诺尔,杰勒米
1397,菲利普,朱利
1398,鲁道夫,科尔
1399,威尔,伦农
1400,巴斯汀,路德
1401,史帝文,马伦
1402,帝福尼,穆尔
1403,杜鲁门,曼特裘
1404,维托,尼克斯
1405,温德尔,奥斯蒙
1406,韦兹,斐瑞
1407,奥斯顿,雷吉
1408,安格斯,罗恩
1409,伍德,肖恩
1410,巴萨,史丹尼
1411,班森,托玛士
1412,毕夏普,特洛伊
1413,布拉,弗吉尔
1414,巴尔克,韦伯
1415,锡德里,莱特
1416,柯蒂斯,杰农
1417,邓普斯,安其罗
1418,邓肯,亚尔林
1419,爱格,伯恩
1420,伊诺克,巴里
1421,法兰克,班奈特
1422,杰拉尔,比尔
1423,格罗佛,布德
1424,哈维,伯骑士
1425,休伯特,塞西尔
1426,杰理,克莱尔
1427,金姆,克莱得
1428,伦纳德,克莱特
1429,林顿,迪恩
1430,马歇尔,杜克
1431,麦克,埃德温
1432,摩尔根,爱曼纽
1433,奈哲尔,法兰克
1434,奥狄斯,乔治
1435,彼得,葛里
1436,雷克斯,哈里
1437,罗里,好尔德
1438,锡德,哲罗姆
1439,史帝夫,贾斯丁
1440,堤姆,凯文
1441,泰勒,利奥
1442,维维安,莱尔
1443,韦纳尔,玛希
1444,奥布里,莫林
1445,巴特,穆尔
1446,博格,尼克
1447,布莱尔,奥斯维
1448,布雷迪,皮特
1449,查德,鲁宾
1450,丹尼斯,罗纳德
1451,唐恩,利奥波
1452,伊莱,林恩
1453,吉尔,马丁
1454,海登,摩帝玛
1455,雨果,诺亚
1456,杰西,奥特
1457,科克,菲尔
1458,罗伊,理查德